Workbook
Name Slicer_Order_Date: #N/A
Name Slicer_Product_Name: #N/A
Name Slicer_Region: #N/A

Sheet Dashboard
A1: EXECUTIVE BUSINESS PERFORMANCE DASHBOARD
A3: Interactive Filters Available in Excel: [ Region | Product Category | Date Range ]
A5: TOTAL SALES ($) | D5: TOTAL QUANTITY SOLD | G5: AVG SALES PER ORDER | J5: TOTAL ORDERS
A6: ='Data Model & Calculations'!C4 -> 76060 | D6: ='Data Model & Calculations'!C5 -> 374 | G6: ='Data Model & Calculations'!C6 -> 2535.3333 | J6: ='Data Model & Calculations'!C7 -> 30

Sheet Raw & Clean Data
A1: Order ID | B1: Order Date | C1: Region | D1: Customer Name | E1: Product Name | F1: Category | G1: Quantity | H1: Unit Price ($) | I1: Sales Amount ($)
A2: ORD-1001 | B2: 45662 | C2: North | D2: TechCorp Ltd | E2: Laptop Pro | F2: Electronics | G2: 5 | H2: 1200 | I2: =G2*H2 -> 6000
A3: ORD-1002 | B3: 45665 | C3: South | D3: Ayesha Khan | E3: Wireless Mouse | F3: Accessories | G3: 15 | H3: 25 | I3: =G3*H3 -> 375
A4: ORD-1003 | B4: 45669 | C4: East | D4: Green Ltd | E4: Monitors 27-inch | F4: Electronics | G4: 8 | H4: 300 | I4: =G4*H4 -> 2400
A5: ORD-1004 | B5: 45672 | C5: West | D5: Apex Digital | E5: Mechanical Keyboard | F5: Accessories | G5: 12 | H5: 85 | I5: =G5*H5 -> 1020
A6: ORD-1005 | B6: 45677 | C6: North | D6: Smart Solutions | E6: Laptop Pro | F6: Electronics | G6: 3 | H6: 1200 | I6: =G6*H6 -> 3600
A7: ORD-1006 | B7: 45690 | C7: South | D7: Rahim Traders | E7: Ergonomic Chair | F7: Furniture | G7: 4 | H7: 250 | I7: =G7*H7 -> 1000
A8: ORD-1007 | B8: 45694 | C8: East | D8: Ayesha Khan | E8: Wireless Mouse | F8: Accessories | G8: 20 | H8: 25 | I8: =G8*H8 -> 500
A9: ORD-1008 | B9: 45699 | C9: West | D9: Blue Chip Inc | E9: Monitors 27-inch | F9: Electronics | G9: 6 | H9: 300 | I9: =G9*H9 -> 1800
A10: ORD-1009 | B10: 45706 | C10: North | D10: TechCorp Ltd | E10: Mechanical Keyboard | F10: Accessories | G10: 10 | H10: 85 | I10: =G10*H10 -> 850
A11: ORD-1010 | B11: 45713 | C11: South | D11: Green Ltd | E11: Laptop Pro | F11: Electronics | G11: 4 | H11: 1200 | I11: =G11*H11 -> 4800
A12: ORD-1011 | B12: 45719 | C12: East | D12: Apex Digital | E12: Ergonomic Chair | F12: Furniture | G12: 8 | H12: 250 | I12: =G12*H12 -> 2000
A13: ORD-1012 | B13: 45725 | C13: West | D13: Smart Solutions | E13: Wireless Mouse | F13: Accessories | G13: 25 | H13: 25 | I13: =G13*H13 -> 625
... A31: ORD-1030 | B31: 45838 | C31: South | D31: Ayesha Khan | E31: Mechanical Keyboard | F31: Accessories | G31: 14 | H31: 85 | I31: =G31*H31 -> 1190

Sheet Data Model & Calculations
A1: DAX / EXCEL MEASURES & PIVOT SUMMARY TABLES
A3: Measure Name | B3: DAX / Formula Formula | C3: Calculated Value
A4: Total Sales | B4: DAX: Total Sales = SUM(SalesData[Sales Amount]) | C4: =SUM('Raw & Clean Data'!I2:I31) -> 76060
A5: Total Quantity Sold | B5: DAX: Total Quantity = SUM(SalesData[Quantity]) | C5: =SUM('Raw & Clean Data'!G2:G31) -> 374
A6: Average Sales per Order | B6: DAX: Avg Sales = AVERAGE(SalesData[Sales Amount]) | C6: =AVERAGE('Raw & Clean Data'!I2:I31) -> 2535.3333
A7: Total Orders Count | B7: DAX: Total Orders = COUNT(SalesData[Order ID]) | C7: =COUNTA('Raw & Clean Data'!A2:A31) -> 30
A10: Region | B10: Total Sales ($) | D10: Product | E10: Total Sales ($) | G10: Month | H10: Total Sales ($)
A11: North | B11: =SUMIF('Raw & Clean Data'!$C$2:$C$31, A11, 'Raw & Clean Data'!$I$2:$I$31) -> 25470 | D11: Laptop Pro | E11: =SUMIF('Raw & Clean Data'!$E$2:$E$31, D11, 'Raw & Clean Data'!$I$2:$I$31) -> 40800 | G11: Jan 2025 | H11: =SUMIFS('Raw & Clean Data'!$I$2:$I$31, 'Raw & Clean Data'!$B$2:$B$31, ">=2025-01-01", 'Raw & Clean Data'!$B$2:$B$31, "<=2025-01-31") -> 13395
A12: South | B12: =SUMIF('Raw & Clean Data'!$C$2:$C$31, A12, 'Raw & Clean Data'!$I$2:$I$31) -> 20565 | D12: Wireless Mouse | E12: =SUMIF('Raw & Clean Data'!$E$2:$E$31, D12, 'Raw & Clean Data'!$I$2:$I$31) -> 4125 | G12: Feb 2025 | H12: =SUMIFS('Raw & Clean Data'!$I$2:$I$31, 'Raw & Clean Data'!$B$2:$B$31, ">=2025-02-01", 'Raw & Clean Data'!$B$2:$B$31, "<=2025-02-28") -> 8950
A13: East | B13: =SUMIF('Raw & Clean Data'!$C$2:$C$31, A13, 'Raw & Clean Data'!$I$2:$I$31) -> 15150 | D13: Monitors 27-inch | E13: =SUMIF('Raw & Clean Data'!$E$2:$E$31, D13, 'Raw & Clean Data'!$I$2:$I$31) -> 14400 | G13: Mar 2025 | H13: =SUMIFS('Raw & Clean Data'!$I$2:$I$31, 'Raw & Clean Data'!$B$2:$B$31, ">=2025-03-01", 'Raw & Clean Data'!$B$2:$B$31, "<=2025-03-31") -> 12600
A14: West | B14: =SUMIF('Raw & Clean Data'!$C$2:$C$31, A14, 'Raw & Clean Data'!$I$2:$I$31) -> 14875 | D14: Mechanical Keyboard | E14: =SUMIF('Raw & Clean Data'!$E$2:$E$31, D14, 'Raw & Clean Data'!$I$2:$I$31) -> 7735 | G14: Apr 2025 | H14: =SUMIFS('Raw & Clean Data'!$I$2:$I$31, 'Raw & Clean Data'!$B$2:$B$31, ">=2025-04-01", 'Raw & Clean Data'!$B$2:$B$31, "<=2025-04-30") -> 12780
D15: Ergonomic Chair | E15: =SUMIF('Raw & Clean Data'!$E$2:$E$31, D15, 'Raw & Clean Data'!$I$2:$I$31) -> 9000 | G15: May 2025 | H15: =SUMIFS('Raw & Clean Data'!$I$2:$I$31, 'Raw & Clean Data'!$B$2:$B$31, ">=2025-05-01", 'Raw & Clean Data'!$B$2:$B$31, "<=2025-05-31") -> 10400
G16: Jun 2025 | H16: =SUMIFS('Raw & Clean Data'!$I$2:$I$31, 'Raw & Clean Data'!$B$2:$B$31, ">=2025-06-01", 'Raw & Clean Data'!$B$2:$B$31, "<=2025-06-30") -> 17935
